{"loss": [1.9225581884384155, 1.4378396272659302, 1.1403249502182007, 0.9830656051635742, 0.8371197581291199, 0.7519003748893738, 0.650992214679718, 0.5897599458694458, 0.45243051648139954, 0.43048083782196045, 0.4514301121234894, 0.35466521978378296, 0.30042150616645813, 0.2995520532131195, 0.2707064151763916, 0.2605607509613037, 0.23970498144626617, 0.15148866176605225, 0.18162068724632263, 0.22619695961475372], "accuracy": [0.2985915541648865, 0.4832550883293152, 0.5862284898757935, 0.6528951525688171, 0.7048513293266296, 0.7402191162109375, 0.7727699279785156, 0.7962441444396973, 0.8491392731666565, 0.8535211086273193, 0.8535211086273193, 0.8804382085800171, 0.8998435139656067, 0.9001564979553223, 0.9029734134674072, 0.9082942008972168, 0.9205007553100586, 0.9489827752113342, 0.9361502528190613, 0.9236306548118591], "val_loss": [2.3425791263580322, 2.9021315574645996, 3.1795401573181152, 3.819397449493408, 3.026128053665161, 3.2131900787353516, 2.8274688720703125, 1.6989223957061768, 7.7081804275512695, 2.868229866027832, 4.072220325469971, 3.4674251079559326, 4.124011516571045, 4.9847588539123535, 3.7850747108459473, 3.0486807823181152, 1.7145121097564697, 3.1523356437683105, 3.3624491691589355, 2.9530558586120605], "val_accuracy": [0.12195122241973877, 0.12195122241973877, 0.12195122241973877, 0.12195122241973877, 0.12195122241973877, 0.21341463923454285, 0.4292683005332947, 0.5829268097877502, 0.25, 0.5207316875457764, 0.4231707453727722, 0.49024391174316406, 0.44756096601486206, 0.43292683362960815, 0.47804877161979675, 0.5219511985778809, 0.6646341681480408, 0.5560975670814514, 0.535365879535675, 0.545121967792511]}